package,author,downloads,month
KONFOUND,Kenneth A. Frank,89,2017m2
KONFOUND,Kenneth A. Frank,52,2017m3
KONFOUND,Kenneth A. Frank,0,2017m4
KONFOUND,Kenneth A. Frank,70,2017m5
KONFOUND,Kenneth A. Frank,63,2017m6
KONFOUND,Kenneth A. Frank,64,2017m7
KONFOUND,Kenneth A. Frank,51,2017m8
KONFOUND,Kenneth A. Frank,64,2017m9
KONFOUND,Kenneth A. Frank,58,2017m10
KONFOUND,Kenneth A. Frank,46,2017m11
KONFOUND,Kenneth A. Frank,47,2017m12
KONFOUND,Kenneth A. Frank,62,2018m1
KONFOUND,Kenneth A. Frank,51,2018m2
KONFOUND,Kenneth A. Frank,75,2018m3
KONFOUND,Kenneth A. Frank,83,2018m4
KONFOUND,Kenneth A. Frank,50,2018m5
KONFOUND,Kenneth A. Frank,36,2018m6
KONFOUND,Kenneth A. Frank,5,2018m7
KONFOUND,Kenneth A. Frank,51,2018m8
KONFOUND,Kenneth A. Frank,7,2018m9
KONFOUND,Kenneth A. Frank,9,2018m10
KONFOUND,Kenneth A. Frank,64,2018m11
KONFOUND,Kenneth A. Frank,71,2018m12
KONFOUND,Kenneth A. Frank,76,2019m1
KONFOUND,Kenneth A. Frank,148,2019m2
KONFOUND,Kenneth A. Frank,88,2019m3
KONFOUND,Kenneth A. Frank,75,2019m4
KONFOUND,Kenneth A. Frank,92,2019m5
KONFOUND,Kenneth A. Frank,56,2019m6
KONFOUND,Kenneth A. Frank,64,2019m7
KONFOUND,Kenneth A. Frank,51,2019m8
KONFOUND,Kenneth A. Frank,87,2019m9
KONFOUND,Kenneth A. Frank,100,2019m10
KONFOUND,Kenneth A. Frank,66,2019m11
KONFOUND,Kenneth A. Frank,186,2019m12
KONFOUND,Kenneth A. Frank,212,2020m1
KONFOUND,Kenneth A. Frank,78,2020m2
KONFOUND,Kenneth A. Frank,172,2020m3
KONFOUND,Kenneth A. Frank,308,2020m4
KONFOUND,Kenneth A. Frank,194,2020m5
KONFOUND,Kenneth A. Frank,83,2020m6
KONFOUND,Kenneth A. Frank,82,2020m7
KONFOUND,Kenneth A. Frank,89,2020m8
KONFOUND,Kenneth A. Frank,52,2020m9
KONFOUND,Kenneth A. Frank,64,2020m10
KONFOUND,Kenneth A. Frank,98,2020m11
KONFOUND,Kenneth A. Frank,91,2020m12
KONFOUND,Kenneth A. Frank,117,2021m1
KONFOUND,Kenneth A. Frank,97,2021m2
KONFOUND,Kenneth A. Frank,128,2021m3
KONFOUND,Kenneth A. Frank,108,2021m4
KONFOUND,Kenneth A. Frank,156,2021m5
KONFOUND,Kenneth A. Frank,5,2021m6
KONFOUND,Kenneth A. Frank,69,2021m7
KONFOUND,Kenneth A. Frank,148,2021m8
KONFOUND,Kenneth A. Frank,90,2021m9
KONFOUND,Kenneth A. Frank,168,2021m10
KONFOUND,Kenneth A. Frank,158,2021m11
KONFOUND,Kenneth A. Frank,176,2021m12
KONFOUND,Kenneth A. Frank,176,2022m1
KONFOUND,Kenneth A. Frank,141,2022m2
KONFOUND,Kenneth A. Frank,245,2022m3
KONFOUND,Kenneth A. Frank,361,2022m4
KONFOUND,Kenneth A. Frank,225,2022m5
KONFOUND,Kenneth A. Frank,219,2022m6
KONFOUND,Kenneth A. Frank,151,2022m7
KONFOUND,Kenneth A. Frank,210,2022m8
KONFOUND,Kenneth A. Frank,225,2022m9
KONFOUND,Kenneth A. Frank,213,2022m10
KONFOUND,Kenneth A. Frank,221,2022m11
KONFOUND,Kenneth A. Frank,122,2022m12
KONFOUND,Kenneth A. Frank,171,2023m1
KONFOUND,Kenneth A. Frank,194,2023m2
KONFOUND,Kenneth A. Frank,241,2023m3
KONFOUND,Kenneth A. Frank,247,2023m4
KONFOUND,Kenneth A. Frank,209,2023m5
KONFOUND,Kenneth A. Frank,221,2023m6
KONFOUND,Kenneth A. Frank,197,2023m7
KONFOUND,Kenneth A. Frank,201,2023m8
KONFOUND,Kenneth A. Frank,208,2023m9
KONFOUND,Kenneth A. Frank,180,2023m10
KONFOUND,Kenneth A. Frank,191,2023m11
KONFOUND,Kenneth A. Frank,169,2023m12
KONFOUND,Kenneth A. Frank,281,2024m1
KONFOUND,Kenneth A. Frank,221,2024m2
KONFOUND,Kenneth A. Frank,302,2024m3
KONFOUND,Kenneth A. Frank,292,2024m4
KONFOUND,Kenneth A. Frank,243,2024m5
KONFOUND,Kenneth A. Frank,177,2024m6
KONFOUND,Kenneth A. Frank,154,2024m7
KONFOUND,Kenneth A. Frank,226,2024m8
KONFOUND,Kenneth A. Frank,207,2024m9
KONFOUND,Kenneth A. Frank,340,2024m10
KONFOUND,Kenneth A. Frank,259,2024m11
KONFOUND,Kenneth A. Frank,239,2024m12
KONFOUND,Kenneth A. Frank,270,2025m1
KONFOUND,Kenneth A. Frank,237,2025m2
KONFOUND,Kenneth A. Frank,339,2025m3
KONFOUND,Kenneth A. Frank,433,2025m4
KONFOUND,Kenneth A. Frank,269,2025m5
KONFOUND,Kenneth A. Frank,325,2025m6
KONFOUND,Kenneth A. Frank,510,2025m7
KONFOUND,Kenneth A. Frank,409,2025m8
KONFOUND,Kenneth A. Frank,648,2025m9
KONFOUND,Kenneth A. Frank,365,2025m10
KONFOUND,Kenneth A. Frank,476,2025m11
KONFOUND,Kenneth A. Frank,663,2025m12